{"cameraMode":{"drawMode":0,"name":"Shaded","section":"Shading Mode"},"sceneLighting":false,"audioPlay":false,"sceneViewState":{"showFog":true,"showMaterialUpdate":false,"showSkybox":false,"showFlares":true,"showImageEffects":true,"showParticleSystems":true},"in2DMode":false,"pivot":{"x":-0.7680617570877075,"y":0.1338934302330017,"z":-0.36832094192504885},"rotation":{"x":-0.03928454592823982,"y":0.02757253684103489,"z":-0.0010839832248166204,"w":-0.9988498687744141},"size":1.6192474365234376,"orthographic":true}