{"cameraMode":{"drawMode":0,"name":"Shaded","section":"Shading Mode"},"sceneLighting":true,"audioPlay":false,"sceneViewState":{"showFog":true,"showMaterialUpdate":true,"showSkybox":true,"showFlares":true,"showImageEffects":true,"showParticleSystems":true},"in2DMode":false,"pivot":{"x":0.4527926445007324,"y":-2.0902504920959474,"z":0.6425552368164063},"rotation":{"x":0.21016418933868409,"y":0.07617021352052689,"z":-0.016426239162683488,"w":0.9745579957962036},"size":9.400012016296387,"orthographic":false}